insert into users (id, username, password, email, phone, enabled, blocked, verification_code)
values (23, 'greg_alderson', 'poeywnbsye', 'anderson_2000@gmail.com', '12025550743', 1, 0, '64sdf64fwe87f4w6'),
       (32, 'kaloyanKaloqnov', '2356*sdB', 'ASd@com', '1234567890', 1, 0, '5earg46e87rahgdf3486e7'),
       (10, 'barry_johnson', '88223tt', 'barry_marry12@gmail.com', '2025550286', 1, 0, 'dfsagkjaerwijg4+8746shg'),
       (6, 'david_bradley', '1vh3s', 'davidbradley@gmail.com', '1632960767', 1, 0, '6d4fb6n45mk6;4.4m36'),
       (19, 'diane_glimp', '68ywe3t', 'dianeglimp@gmail.com', '163234122', 1, 0, '6d4fb6n45mk6;4.4m36'),
       (25, 'jesica_murr', 'ocrey56s', 'dingding@gmail.com', '12025550113', 1, 0, '6846sd64v1v3s45d847ag'),
       (17, 'doris_hartwig', '13pu2u34e3t', 'doris12@gmail.com', '1900632124', 1, 0, '6846sd64v1v3s45d847ag'),
       (9, 'gail_Erickson', '234_87', 'gail-tail@gmail.com', '883444231', 1, 0, 'dfzbz4gb6zdf4b5d4zn64zd'),
       (15, 'jeffrey_ford,', '23puue3t', 'jeffrey95@gmail.com', '1632950144', 1, 0, '64sdf64fwe87f4w6'),
       (16, 'jo_brown', '23puu4e3t', 'joejonas@gmail.com', '6135550203', 1, 0, 'weagdfhg8746454684fgd'),
       (18, 'john_campbell', '1368ywe3t', 'johnyponny@gmail.com', '886131313', 1, 0, 'a4d86gv4b5dfhn46dzs'),
       (7, 'joLynn_dobney', '23xxa', 'jolyyyynn@gmail.com', '1632960521', 1, 0, '68xsf47hg6xc1x2v4n6'),
       (11, 'jossef_goldberg', '852_23pt', 'josiii@gmail.com', '1900651232', 1, 0, '5earg46e87rahgdf3486e7'),
       (29, 'kendall_keil', '68y_7t', 'kendaljenner@gmail.com', '2025530216', 1, 0, '6vz46df8h4dzb6ae4214z54'),
       (3, 'kevin_brown', '874_*tsB', 'kevinnnnn@gmail.com', '1632960199', 1, 0, '64sdf64fwe87f4w6'),
       (21, 'peter_krebs', 'od34n8s7ss66', 'krebstheking@gmail.com', '2025550211', 1, 0, '6vz46df8h4dzb6ae4214z54'),
       (22, 'stuart_munson', 'pkajerbst', 'littlestuart@gmail.com', '888131113', 1, 0, '54874835468sef6f4s'),
       (13, 'sidney_higa', '15223ftt', 'little_pony@gmail.com', '6135551105', 1, 0, 'ae687rg46gb5rtgju87u6sh84t'),
       (14, 'taylor_maxwell', '238yyt', 'maxwellishere@gmail.com', '2025550132', 1, 0, '54874835468sef6f4s'),
       (5, 'thierry_hers', '1232s', 'mrrrrherss@gmail.com', '6135550723', 1, 0, 'a4d86gv4b5dfhn46dzs'),
       (30, 'paula_mattos', '56ywuut3t', 'paulabarreto@gmail.com', '12021110141', 1, 0, 'dfzbz4gb6zdf4b5d4zn64zd'),
       (27, 'paul_komosinski', '4bd86', 'paul_kom@gmail.com', '1900873017', 1, 1, '6d4fb6n45mk6;4.4m36'),
       (2, 'pavel_pavlov', '2356*sdB', 'pavkata@abv.bg', '883434343', 1, 0, '54874835468sef6f4s'),
       (4, 'rob_walters', '8rw42s', 'robbie_bunny@gmail.com', '1900654321', 1, 0, '6846sd64v1v3s45d847ag'),
       (8, 'ruth_ellerbrock', '2ww_87', 'ruth12345@gmail.com', '6135550043', 1, 0, '6vz46df8h4dzb6ae4214z54'),
       (26, 'ivo_salmore', 'vs28fht', 'salmore123@gmail.com', '2025553124', 1, 1, 'a4d86gv4b5dfhn46dzs'),
       (28, 'ashvini_sharma', '283yerye3t', 'shashasha@gmail.com', '883123123', 1, 1, '68xsf47hg6xc1x2v4n6'),
       (20, 'steven_selikoff', 'pdy4587s', 'stevens@gmail.com', '12025550529', 1, 0, '68xsf47hg6xc1x2v4n6'),
       (1, 'Wally', 'Wa!!y$ank', 'telerikwally@gmail.com', '123456789', 1, 0, 'eargre7h4r6e4gh6ae4rg86'),
       (12, 'terri_duffy', '85223pt', 'terriduffy@gmail.com', '887717171', 1, 0, 'eargre7h4r6e4gh6ae4rg86'),
       (31, 'External', '12ZX/*', 'vratarcheto95@abv.bg', '354864315', 1, 0, 'dfsagkjaerwijg4+8746shg'),
       (24, 'dimitar_dimov', 'portcveys', 'vratarcheto96@abv.bg', '887231100', 1, 0, 'weagdfhg8746454684fgd');

INSERT INTO currencies(id, name, iso, symbol, exchange_rate)
VALUES (1, 'Bulgarian Lev', 'BGN', 'lv', '1'),
       (2, 'British Pound', 'GBP', '£', '1'),
       (3, 'Euro', 'EUR', '€', '1'),
       (4, 'Japanese Yen', 'JPY', '¥', '1'),
       (5, 'Norwegian Kroner', 'NOK', 'Kr', '1'),
       (6, 'Swiss Franc', 'CHF', 'Fr', '1'),
       (7, 'Turkish Lira', 'TRY', 'TL', '1'),
       (8, 'US Dollar', 'USD', '$', '1');

INSERT INTO card_types (id, name)
VALUES (1, 'debit'),
       (2, 'credit');

insert into cards (id, card_number, cardholder, currency_id, cvv, user_id, card_type_id, exp_date)
values (1, '4677518221605509', 'Wally', 1, 313, 1, 1, '2028-12-08'),
       (2, '4235775617522913', 'pavel_pavlov', 1, 214, 2, 2, '2023-11-01'),
       (3, '4788716211307658', 'kevin_brown', 1, 322, 3, 1, '2024-02-11'),
       (4, '4322292214957181', 'rob_walters', 1, 235, 4, 1, '2022-10-30'),
       (5, '4510025572906362', 'thierry_hers', 1, 532, 5, 1, '2022-11-12'),
       (6, '5212345964719381', 'david_bradley', 1, 638, 6, 2, '2025-09-17'),
       (7, '5192896468702780', 'joLynn_dobney', 1, 826, 7, 2, '2027-02-14'),
       (8, '5423283127568240', 'ruth_ellerbrock', 1, 264, 8, 1, '2023-06-30'),
       (9, '4677263829374209', 'gail_Erickson', 1, 863, 9, 2, '2024-12-02'),
       (10, '4392749274930491', 'barry_johnson', 1, 947, 10, 1, '2025-02-11'),
       (11, '3426183644638488', 'jossef_goldberg', 1, 835, 11, 2, '2026-01-03'),
       (12, '7464759958585995', 'terri_duffy', 1, 922, 12, 2, '2022-08-08'),
       (13, '6474849949949499', 'sidney_higa', 1, 438, 13, 1, '2022-02-11'),
       (14, '6354925495620579', 'taylor_maxwell', 1, 166, 14, 2, '2021-12-10'),
       (15, '7807475048138485', 'jeffrey_ford,', 1, 735, 15, 2, '2026-04-13'),
       (16, '6492639304892973', 'jo_brown', 1, 826, 16, 1, '2023-12-18'),
       (17, '1528360749836263', 'doris_hartwig', 1, 735, 17, 2, '2023-05-23'),
       (18, '4677378499393922', 'john_campbell', 1, 926, 18, 2, '2025-12-24'),
       (19, '1822737662773883', 'diane_glimp', 1, 736, 19, 1, '2024-10-28'),
       (20, '7635762787937863', 'steven_selikoff', 1, 183, 20, 1, '2026-08-08'),
       (21, '9374883649204711', 'peter_krebs', 1, 911, 21, 2, '2027-09-30'),
       (22, '7373729104883822', 'stuart_munson', 1, 633, 22, 2, '2028-07-29'),
       (23, '8479374848393047', 'greg_alderson', 1, 293, 23, 1, '2028-07-21'),
       (24, '7352846394629495', 'dimitar_dimov', 1, 432, 24, 1, '2022-02-08'),
       (25, '2847593749569774', 'jesica_murr', 1, 562, 25, 1, '2024-05-24'),
       (26, '3859284858502012', 'ivo_salmore', 1, 626, 26, 2, '2021-06-26'),
       (27, '4538254936490939', 'paul_komosinski', 1, 717, 27, 1, '2024-03-11'),
       (28, '9373723949820442', 'ashvini_sharma', 1, 822, 28, 1, '2025-11-18'),
       (29, '8362947001383603', 'kendall_keil', 1, 873, 29, 2, '2023-09-01'),
       (30, '9381184399457733', 'paula_mattos', 1, 188, 30, 1, '2025-07-18');


INSERT INTO roles(id, name)
VALUES (1, 'user'),
       (2, 'admin');


INSERT INTO users_roles(user_id, role_id)
VALUES (1, 2),
       (2, 2),
       (3, 2),
       (4, 1),
       (3, 2),
       (4, 2),
       (5, 1),
       (6, 1),
       (7, 1),
       (8, 1),
       (9, 1),
       (10, 1),
       (11, 1),
       (12, 1),
       (13, 1),
       (14, 1),
       (15, 1),
       (16, 1),
       (17, 1),
       (18, 1),
       (19, 1),
       (20, 1),
       (21, 1),
       (22, 1),
       (23, 1),
       (24, 1),
       (25, 1),
       (26, 1),
       (27, 1),
       (28, 1),
       (29, 1),
       (30, 1);

insert into categories (id, name)
values (4, 'Cash'),
       (7, 'Dining'),
       (8, 'Entertainment'),
       (2, 'Groceries'),
       (6, 'Health'),
       (15, 'Savings'),
       (10, 'Services'),
       (3, 'Shopping'),
       (12, 'Specials'),
       (13, 'Thompson''s'),
       (14, 'Tiffany''s'),
       (1, 'Transfer'),
       (5, 'Transport'),
       (11, 'Travel'),
       (9, 'Utilities');

INSERT INTO statuses (id, name)
VALUES (1, 'Declined'),
       (2, 'Completed'),
       (3, 'Pending'),
       (4, 'Terminated');

insert into wallets (id, owner_id, currency_id, balance, has_overdraft)
values (1, 1, 1, 1000000000, 0),
       (2, 2, 1, 68464, 0),
       (3, 3, 1, 1000, 0),
       (4, 4, 1, 554, 0),
       (5, 5, 1, 4254, 0),
       (6, 6, 1, 427452, 0),
       (7, 7, 1, 425045, 0),
       (8, 8, 1, 452024, 0),
       (9, 9, 1, 247, 0),
       (10, 10, 1, 12, 0),
       (11, 11, 1, 1322477, 0),
       (12, 12, 1, 7527, 0),
       (13, 13, 1, 24486, 0),
       (14, 14, 1, 167412, 0),
       (15, 15, 1, 56, 0),
       (16, 16, 1, 10000, 0),
       (17, 17, 1, 54687, 0),
       (18, 18, 1, 54879, 0),
       (19, 19, 1, 87532, 0),
       (20, 20, 1, 1263, 0),
       (21, 21, 1, 16, 0),
       (22, 22, 1, 485761, 0),
       (23, 23, 1, 41, 0),
       (24, 24, 1, 2120, 0),
       (25, 25, 1, 152, 1),
       (26, 26, 1, -10197, 1),
       (27, 27, 1, -1753, 1),
       (28, 28, 1, -117262, 1),
       (29, 29, 1, 21437, 1),
       (30, 30, 1, 2782, 1),
       (31, 2, 2, 10000, 0),
       (32, 2, 3, 10000, 0),
       (33, 2, 4, 10000, 0),
       (34, 2, 5, 10000, 0);

insert into transactions (id, from_user_id, from_wallet_id, to_wallet_id, category_id, status_id, transfer_value,
                          exchange_rate, transaction_time)
values (1, 1, 1, 2, 1, 1, 500, 1, '2021-09-16 07:57:30'),
       (2, 2, 2, 1, 1, 2, 200, 1, '2021-09-16 07:57:57'),
       (3, 11, 11, 5, 2, 1, 100, 1, '2021-10-03 15:51:32'),
       (4, 2, 2, 12, 3, 2, 45, 1, '2021-10-03 15:51:33'),
       (5, 2, 2, 11, 3, 2, 997, 1, '2021-10-03 15:51:33'),
       (6, 2, 2, 27, 2, 2, 4555, 1, '2021-10-03 15:51:33'),
       (7, 6, 6, 4, 2, 2, 2257, 1, '2021-10-03 15:51:32'),
       (8, 28, 28, 13, 1, 2, 11047, 1, '2021-10-03 15:51:33'),
       (9, 2, 2, 3, 1, 2, 654, 1, '2021-10-03 15:51:33'),
       (10, 2, 2, 3, 1, 2, 546452, 1, '2021-10-03 15:51:33'),
       (11, 2, 2, 3, 1, 2, 213, 1, '2021-10-03 15:51:33'),
       (12, 2, 2, 3, 1, 2, 4521, 1, '2021-10-03 15:51:33'),
       (13, 12, 12, 1, 1, 2, 452, 1, '2021-10-03 15:51:33'),
       (14, 5, 5, 1, 1, 2, 134, 1, '2021-10-03 15:51:33'),
       (15, 5, 5, 1, 2, 2, 1224, 1, '2021-10-03 15:51:33'),
       (16, 5, 5, 1, 2, 2, 342, 1, '2021-10-03 15:51:33'),
       (17, 5, 5, 12, 2, 2, 23, 1, '2021-10-03 15:51:33'),
       (18, 5, 5, 12, 2, 2, 4532, 1, '2021-10-03 15:51:33'),
       (19, 5, 5, 12, 2, 2, 2134, 1, '2021-10-03 15:51:33'),
       (20, 8, 8, 8, 2, 2, 3354, 1, '2021-10-03 15:51:33'),
       (21, 8, 8, 8, 3, 2, 45, 1, '2021-10-03 15:51:33'),
       (22, 8, 8, 8, 3, 2, 214, 1, '2021-10-03 15:51:33'),
       (23, 9, 9, 18, 3, 2, 54, 1, '2021-10-03 15:51:32'),
       (24, 9, 9, 18, 3, 2, 42, 1, '2021-10-03 15:51:33'),
       (25, 9, 9, 18, 3, 2, 123, 1, '2021-10-03 15:51:33'),
       (26, 9, 9, 15, 3, 2, 21, 1, '2021-10-03 15:51:33'),
       (27, 6, 6, 11, 3, 2, 42, 1, '2021-10-03 15:51:32'),
       (28, 6, 6, 11, 2, 2, 6452, 1, '2021-10-03 15:51:32'),
       (29, 6, 6, 11, 2, 2, 4874, 1, '2021-10-03 15:51:32'),
       (30, 6, 6, 4, 2, 2, 34445, 1, '2021-10-03 15:51:32'),
       (31, 15, 15, 4, 2, 2, 7100, 1, '2021-10-03 15:51:33'),
       (32, 15, 15, 4, 2, 2, 4200, 1, '2021-10-03 15:51:33'),
       (33, 15, 15, 4, 1, 2, 4530, 1, '2021-10-03 15:51:33'),
       (34, 15, 15, 7, 1, 2, 4000, 1, '2021-10-03 15:51:33'),
       (35, 25, 25, 7, 1, 2, 741200, 1, '2021-10-03 15:51:32'),
       (36, 25, 25, 7, 1, 2, 41220, 1, '2021-10-03 15:51:33'),
       (37, 25, 25, 7, 1, 2, 12200, 1, '2021-10-03 15:51:33'),
       (38, 29, 29, 19, 3, 2, 1000, 1, '2021-10-03 15:51:33'),
       (39, 29, 29, 23, 3, 2, 4000, 1, '2021-10-03 15:51:33'),
       (40, 29, 29, 23, 3, 2, 8000, 1, '2021-10-03 15:51:33'),
       (41, 17, 17, 23, 3, 2, 841000, 1, '2021-10-03 15:51:33'),
       (42, 17, 17, 23, 3, 2, 4520, 1, '2021-10-03 15:51:33'),
       (43, 17, 17, 17, 1, 2, 6000, 1, '2021-10-03 15:51:33'),
       (44, 1, 1, 3, 3, 2, 10, 1, '2021-09-23 12:30:49'),
       (45, 1, 31, 14, 1, 2, 45, 1, '2021-10-02 12:49:42'),
       (46, 1, 32, 19, 1, 2, 455, 1, '2021-10-02 12:49:42'),
       (47, 1, 32, 8, 3, 2, 15, 1, '2021-10-02 12:49:42'),
       (48, 1, 32, 22, 3, 2, 44, 1, '2021-10-02 12:49:42'),
       (49, 1, 33, 4, 3, 2, 66, 1, '2021-10-02 12:49:42'),
       (50, 1, 34, 5, 3, 2, 70, 1, '2021-10-02 12:49:42'),
       (51, 15, 23, 33, 3, 2, 150, 1, '2021-06-02 12:49:42'),
       (52, 15, 23, 32, 2, 2, 190, 1, '2021-06-02 12:49:42'),
       (53, 15, 23, 32, 3, 2, 1500, 1, '2021-06-02 12:49:42'),
       (54, 25, 8, 34, 3, 2, 200, 1, '2021-06-02 12:49:42'),
       (55, 25, 8, 31, 1, 2, 600, 1, '2021-06-02 12:49:42'),
       (56, 2, 31, 31, 1, 2, 500, 1, '2021-10-03 15:52:11'),
       (57, 2, 34, 34, 1, 2, 500, 1, '2021-10-03 15:52:11'),
       (58, 2, 34, 34, 1, 2, 500, 1, '2021-10-03 15:52:11'),
       (59, 2, 34, 34, 1, 2, 500, 1, '2021-10-03 15:52:11'),
       (60, 2, 34, 34, 1, 2, 500, 1, '2021-10-03 15:52:11'),
       (61, 2, 34, 34, 1, 2, 500, 1, '2021-10-03 15:52:11'),
       (62, 2, 34, 34, 1, 2, 500, 1, '2021-10-03 15:52:11'),
       (63, 2, 34, 34, 1, 2, 500, 1, '2021-10-03 15:52:11'),
       (64, 2, 34, 34, 1, 2, 500, 1, '2021-10-03 15:52:11'),
       (65, 2, 34, 34, 1, 2, 500, 1, '2021-10-03 15:52:11'),
       (66, 2, 31, 31, 1, 2, 500, 1, '2021-10-03 15:52:11'),
       (67, 2, 34, 34, 1, 2, 500, 1, '2021-10-03 15:52:11'),
       (68, 2, 34, 34, 1, 2, 530, 1, '2021-10-03 15:52:11'),
       (69, 2, 34, 34, 1, 2, 530, 1, '2021-10-03 15:52:11'),
       (70, 2, 34, 34, 1, 2, 500, 1, '2021-10-03 15:52:11'),
       (71, 2, 34, 34, 1, 2, 500, 1, '2021-10-03 15:52:11'),
       (72, 2, 34, 34, 1, 2, 500, 1, '2021-10-03 15:52:11'),
       (73, 2, 34, 34, 1, 2, 500, 1, '2021-10-03 15:52:11'),
       (74, 2, 34, 34, 1, 2, 500, 1, '2021-10-03 15:52:11'),
       (75, 2, 34, 34, 1, 2, 500, 1, '2021-10-03 15:52:11'),
       (76, 2, 34, 34, 1, 2, 500, 1, '2021-10-03 15:52:11'),
       (77, 2, 34, 34, 1, 2, 500, 1, '2021-10-03 15:52:11'),
       (78, 2, 34, 34, 1, 2, 500, 1, '2021-10-03 15:52:11'),
       (79, 2, 34, 34, 1, 2, 500, 1, '2021-10-03 15:52:11'),
       (80, 2, 34, 34, 1, 2, 500, 1, '2021-10-03 15:52:11'),
       (81, 2, 34, 34, 1, 2, 500, 1, '2021-10-03 15:52:11'),
       (82, 2, 34, 34, 1, 2, 500, 1, '2021-10-03 15:52:11'),
       (83, 2, 34, 34, 1, 2, 500, 1, '2021-10-03 15:52:11'),
       (84, 2, 34, 34, 1, 2, 500, 1, '2021-10-03 15:52:11'),
       (85, 2, 34, 34, 1, 2, 500, 1, '2021-10-03 15:52:11'),
       (86, 2, 34, 34, 1, 2, 500, 1, '2021-10-03 15:52:11'),
       (87, 2, 34, 34, 1, 2, 500, 1, '2021-10-03 15:52:11'),
       (88, 2, 34, 34, 1, 2, 500, 1, '2021-10-03 15:52:11'),
       (89, 2, 34, 34, 1, 2, 500, 1, '2021-10-03 15:52:11'),
       (90, 2, 34, 34, 1, 2, 500, 1, '2021-10-03 15:52:11'),
       (91, 2, 34, 34, 1, 2, 500, 1, '2021-10-03 15:52:11'),
       (92, 2, 34, 34, 1, 2, 500, 1, '2021-10-03 15:52:11'),
       (93, 2, 34, 34, 1, 2, 500, 1, '2021-10-03 15:52:11'),
       (94, 2, 31, 31, 1, 2, 500, 1, '2021-10-03 15:52:11'),
       (95, 2, 34, 34, 1, 2, 20, 1, '2021-10-03 15:52:11'),
       (96, 1, 1, 33, 1, 2, 500, 1, '2021-10-02 15:42:29'),
       (97, 1, 1, 33, 1, 2, 500, 1, '2021-10-02 15:42:55'),
       (98, 1, 1, 33, 1, 2, 500, 1, '2021-10-02 15:43:12');

insert into users_categories (user_id, category_id)
values (1, 1),
       (1, 2),
       (1, 3),
       (1, 4),
       (1, 5),
       (1, 6),
       (1, 7),
       (1, 8),
       (1, 9),
       (1, 10),
       (1, 11),
       (2, 1),
       (2, 2),
       (2, 3),
       (2, 4),
       (2, 5),
       (2, 6),
       (2, 7),
       (2, 8),
       (2, 9),
       (2, 10),
       (2, 11),
       (2, 12),
       (2, 13),
       (2, 14),
       (3, 1),
       (3, 2),
       (3, 3),
       (3, 4),
       (3, 5),
       (3, 6),
       (3, 7),
       (3, 8),
       (3, 9),
       (3, 10),
       (3, 11),
       (4, 1),
       (4, 2),
       (4, 3),
       (4, 4),
       (4, 5),
       (4, 6),
       (4, 7),
       (4, 8),
       (4, 9),
       (4, 10),
       (4, 11),
       (6, 1),
       (6, 3),
       (6, 2),
       (6, 4),
       (6, 5),
       (1, 15);

insert into savings_features (id, name, duration_mth, aer)
values (1, 'Student Saver 12/2021', 12, 2),
       (2, 'Student Saver 6/2021', 6, 2),
       (3, 'Standard 12/2021', 12, 1.5),
       (4, 'Standard 24/2021', 24, 2.5);

insert into overdraft_features (id, name, max_mth, apr)
values (1, 'Q22021', 6, 28.5),
       (2, 'Q32021', 12, 3),
       (3, 'Q42021', 6, 13);